	{

		"metadata": {
			"formatVersion" : 3.1,
			"generatedBy"   : "Blender 2.7 Exporter",
			"vertices"      : 142,
			"faces"         : 111,
			"normals"       : 66,
			"colors"        : 0,
			"uvs"           : [214],
			"materials"     : 0,
			"morphTargets"  : 0,
			"bones"         : 0
		},

			"scale" : 1.000000,
			
			"vertices" : [-1.81105,0.0659318,4.48873,-1.81105,0.0659318,4.04549,-1.36781,0.0659318,4.04549,-1.36781,0.0659318,4.48873,-1.93755,0.918414,4.61523,-1.93755,0.918414,3.91898,-1.2413,0.918414,3.91898,-1.2413,0.918414,4.61523,-1.88001,0.918414,4.55769,-1.88001,0.918414,3.97653,-1.29885,0.918414,3.97653,-1.29885,0.918414,4.55769,-1.82111,0.301987,4.49879,-1.82111,0.301987,4.03543,-1.35775,0.301987,4.03543,-1.35775,0.301987,4.49879,-1.76921,1.71389,5.17828,-1.76921,1.71389,5.09703,0.327773,1.71389,5.09703,0.327773,1.71389,5.17828,-1.76921,4.41875,5.17828,-1.76921,4.41875,5.09703,0.327773,4.41875,5.09703,0.327773,4.41875,5.17828,-1.64914,1.86877,5.09703,0.207699,1.86877,5.09703,-1.64914,4.26387,5.09703,0.207699,4.26387,5.09703,-1.64914,1.86877,5.16798,0.207699,1.86877,5.16798,-1.64914,4.26387,5.16798,0.207699,4.26387,5.16798,-1.48661,2.07841,5.16798,0.0451726,2.07841,5.16798,-1.48661,4.05423,5.16798,0.0451726,4.05423,5.16798,-1.48661,2.07841,5.10609,0.0451726,2.07841,5.10609,-1.48661,4.05423,5.10609,0.0451726,4.05423,5.10609,1.21847,4.06858,3.93188,1.21847,2.89536,3.93188,1.02842,4.06858,4.05887,1.02842,2.89536,4.05887,0.901427,4.06858,4.24892,0.901427,2.89536,4.24892,0.856834,4.06858,4.4731,0.856834,2.89536,4.4731,0.901427,4.06858,4.69729,0.901427,2.89536,4.69729,1.02842,4.06858,4.88734,1.02842,2.89536,4.88734,1.21847,4.06858,5.01433,1.21847,2.89536,5.01433,1.44265,4.06858,5.05892,1.44265,2.89536,5.05892,1.66684,4.06858,5.01433,1.66684,2.89536,5.01433,1.85689,4.06858,4.88734,1.85689,2.89536,4.88734,1.98388,4.06858,4.69729,1.98388,2.89536,4.69729,2.02847,4.06858,4.4731,2.02847,2.89536,4.4731,1.98388,4.06858,4.24892,1.98388,2.89536,4.24892,1.85689,4.06858,4.05887,1.85689,2.89536,4.05887,1.66684,4.06858,3.93188,1.66684,2.89536,3.93188,1.44265,4.06858,3.88728,1.44265,2.89536,3.88728,1.44265,0.104415,4.43604,1.44265,3.1624,4.43604,1.45684,0.104415,4.43886,1.45684,3.1624,4.43886,1.46886,0.104415,4.44689,1.46886,3.1624,4.44689,1.4769,0.104415,4.45892,1.4769,3.1624,4.45892,1.47972,0.104415,4.4731,1.47972,3.1624,4.4731,1.4769,0.104415,4.48729,1.4769,3.1624,4.48729,1.46886,0.104415,4.49931,1.46886,3.1624,4.49931,1.45684,0.104415,4.50735,1.45684,3.1624,4.50735,1.44265,0.104415,4.51017,1.44265,3.1624,4.51017,1.42847,0.104415,4.50735,1.42847,3.1624,4.50735,1.41644,0.104415,4.49931,1.41644,3.1624,4.49931,1.40841,0.104415,4.48729,1.40841,3.1624,4.48729,1.40559,0.104415,4.4731,1.40559,3.1624,4.4731,1.40841,0.104415,4.45892,1.40841,3.1624,4.45892,1.41644,0.104415,4.44689,1.41644,3.1624,4.44689,1.42847,0.104415,4.43886,1.42847,3.1624,4.43886,1.44265,0.0189259,4.11917,1.44265,0.0974517,4.11917,1.5781,0.0189259,4.14611,1.5781,0.0974517,4.14611,1.69292,0.0189259,4.22283,1.69292,0.0974517,4.22283,1.76965,0.0189259,4.33766,1.76965,0.0974519,4.33766,1.79659,0.0189259,4.4731,1.79659,0.0974519,4.4731,1.76965,0.0189259,4.60855,1.76965,0.0974519,4.60855,1.69292,0.0189259,4.72338,1.69292,0.0974517,4.72338,1.5781,0.0189259,4.8001,1.5781,0.0974517,4.8001,1.44265,0.0189259,4.82704,1.44265,0.0974517,4.82704,1.30721,0.0189259,4.8001,1.30721,0.0974517,4.8001,1.19238,0.0189259,4.72338,1.19238,0.0974517,4.72338,1.11566,0.0189257,4.60855,1.11566,0.0974517,4.60855,1.08872,0.0189257,4.4731,1.08872,0.0974517,4.4731,1.11566,0.0189257,4.33766,1.11566,0.0974517,4.33766,1.19238,0.0189259,4.22283,1.19238,0.0974517,4.22283,1.30721,0.0189259,4.14611,1.30721,0.0974517,4.14611,6.64208,4.76837e-07,5.24649,-6.4513,4.76837e-07,5.24649,6.64208,-7.15256e-07,-3.43408,-6.4513,-7.15256e-07,-3.43408,6.64208,9.02774,5.24648,-6.4513,9.02774,5.24648],
			"faces"    : [41,1,0,4,5,0,1,2,3,0,1,2,3,41,5,6,2,1,3,4,5,0,3,4,5,0,41,6,7,3,2,6,7,8,9,4,6,7,5,41,0,3,7,4,1,8,7,2,1,7,6,2,41,4,7,11,8,10,11,12,13,2,6,8,9,41,8,11,15,12,14,15,16,17,9,8,10,11,41,7,6,10,11,11,18,19,12,6,4,12,8,41,6,5,9,10,18,20,21,19,4,3,13,12,41,5,4,8,9,20,10,13,21,3,2,9,13,41,11,10,14,15,15,22,23,16,8,12,14,10,41,10,9,13,14,24,25,26,27,12,13,15,14,41,9,8,12,13,25,28,29,26,13,9,11,15,41,20,21,17,16,30,31,32,33,16,17,18,19,41,18,17,24,25,34,35,36,37,20,18,21,22,41,22,23,19,18,38,39,40,41,23,24,25,20,41,16,17,18,19,42,35,34,43,19,18,20,25,41,23,22,21,20,44,45,46,47,24,23,17,16,41,25,24,28,29,37,36,48,49,22,21,23,17,41,22,18,25,27,38,41,50,51,23,20,22,26,41,21,22,27,26,46,45,52,53,17,23,26,27,41,17,21,26,24,32,31,54,55,18,17,27,21,41,29,28,32,33,49,48,56,57,17,23,26,27,41,27,25,29,31,51,50,58,59,26,22,17,18,41,26,27,31,30,53,52,60,61,27,26,18,20,41,24,26,30,28,55,54,62,63,21,27,20,23,41,33,32,36,37,57,56,64,65,27,26,18,20,41,31,29,33,35,59,58,66,67,18,17,27,21,41,30,31,35,34,61,60,68,69,20,18,21,22,41,28,30,34,32,63,62,70,71,23,20,22,26,41,38,39,37,36,72,73,65,64,17,23,20,18,41,35,33,37,39,67,66,65,73,21,27,20,23,41,34,35,39,38,69,68,73,72,22,21,23,17,41,32,34,38,36,71,70,72,64,26,22,17,18,41,43,42,40,41,74,75,76,77,28,29,30,31,41,41,40,70,71,77,76,78,79,31,30,32,33,40,68,70,40,80,81,82,34,32,30,40,68,40,42,80,82,83,34,30,29,40,68,42,66,80,83,84,34,29,35,40,42,44,66,83,85,84,29,36,35,40,44,64,66,85,86,84,36,37,35,40,44,46,64,85,87,86,36,38,37,40,46,62,64,87,88,86,38,39,37,40,46,48,62,87,89,88,38,40,39,40,48,60,62,89,90,88,40,41,39,40,48,58,60,89,91,90,40,42,41,40,48,50,58,89,92,91,40,43,42,40,50,56,58,92,93,91,43,44,42,40,50,52,56,92,94,93,43,45,44,40,52,54,56,94,95,93,45,46,44,41,45,44,42,43,96,97,75,74,47,36,29,28,41,47,46,44,45,98,99,97,96,48,38,36,47,41,49,48,46,47,100,101,99,98,49,40,38,48,41,51,50,48,49,102,103,101,100,50,43,40,49,41,53,52,50,51,104,105,103,102,51,45,43,50,41,55,54,52,53,106,107,105,104,52,46,45,51,41,57,56,54,55,108,109,110,111,53,44,46,52,41,59,58,56,57,112,113,109,108,54,42,44,53,41,61,60,58,59,114,115,113,112,55,41,42,54,41,63,62,60,61,116,117,115,114,56,39,41,55,41,65,64,62,63,118,119,117,116,57,37,39,56,41,67,66,64,65,120,121,119,118,58,35,37,57,41,69,68,66,67,122,123,121,120,59,34,35,58,41,71,70,68,69,79,78,123,122,33,32,34,59,41,72,73,75,74,124,125,126,127,60,60,59,59,41,74,75,77,76,127,126,128,129,59,59,58,58,41,76,77,79,78,129,128,130,131,58,58,57,57,41,78,79,81,80,131,130,132,133,57,57,61,61,41,80,81,83,82,133,132,134,135,61,61,55,55,41,82,83,85,84,135,134,136,137,55,55,54,54,41,84,85,87,86,137,136,138,139,54,54,53,53,41,86,87,89,88,139,138,140,141,53,53,62,62,41,88,89,91,90,142,143,144,145,62,62,51,51,41,90,91,93,92,145,144,146,147,51,51,50,50,41,92,93,95,94,147,146,148,149,50,50,49,49,41,94,95,97,96,149,148,150,151,49,49,63,63,41,96,97,99,98,151,150,152,153,63,63,47,47,41,98,99,101,100,153,152,154,155,47,47,28,28,41,102,103,73,72,156,157,125,124,31,31,60,60,41,100,101,103,102,155,154,157,156,28,28,31,31,41,104,105,107,106,158,159,160,161,60,32,34,59,41,106,107,109,108,161,160,162,163,59,34,35,58,41,108,109,111,110,163,162,164,165,58,35,37,57,41,110,111,113,112,165,164,166,167,57,37,39,61,41,112,113,115,114,167,166,168,169,61,39,41,55,41,114,115,117,116,169,168,170,171,55,41,42,54,41,116,117,119,118,171,170,172,173,54,42,44,53,41,118,119,121,120,174,175,176,177,53,44,46,62,41,120,121,123,122,177,176,178,179,62,46,45,51,41,122,123,125,124,179,178,180,181,51,45,43,50,41,124,125,127,126,181,180,182,183,50,43,40,49,41,126,127,129,128,183,182,184,185,49,40,38,63,41,128,129,131,130,185,184,186,187,63,38,36,47,41,130,131,133,132,187,186,188,189,47,36,29,28,40,107,105,135,190,191,192,34,32,30,40,107,135,133,190,192,193,34,30,29,40,107,133,109,190,193,194,34,29,35,40,133,131,109,193,195,194,29,36,35,40,131,111,109,195,196,194,36,37,35,40,131,129,111,195,197,196,36,38,37,40,129,113,111,197,198,196,38,39,37,40,129,127,113,197,199,198,38,40,39,40,127,115,113,199,200,198,40,41,39,40,127,125,115,199,201,200,40,43,41,40,125,117,115,201,202,200,43,42,41,40,125,123,117,201,203,202,43,45,42,40,123,119,117,203,204,